"","text","favorited","favoriteCount","replyToSN","created","truncated","replyToSID","id","replyToUID","statusSource","screenName","retweetCount","isRetweet","retweeted","longitude","latitude"
"1","RT @BTS_twt: 미역국 감사합니다.. #원샷했어요 https://t.co/e3DEMKE3k9",FALSE,0,NA,2017-05-26 23:50:57,FALSE,NA,"868253153304526848",NA,"<a href=""http://twitter.com/download/android"" rel=""nofollow"">Twitter for Android</a>","jp_jungkook",52996,TRUE,FALSE,NA,NA
"2","미역국에 빼빼로를 넣으면 안되는거야 ..?",FALSE,0,NA,2017-05-26 23:29:28,FALSE,NA,"868247745064292354",NA,"<a href=""http://twittbot.net/"" rel=""nofollow"">twittbot.net</a>","Ryoko_mnS2",0,FALSE,FALSE,NA,NA
"3","와 ㅎ 미역국 ㅎ",FALSE,0,NA,2017-05-26 23:24:17,FALSE,NA,"868246441960980480",NA,"<a href=""http://twitter.com/download/iphone"" rel=""nofollow"">Twitter for iPhone</a>","PRODUCE___l0l",0,FALSE,FALSE,NA,NA
"4","어젠 주부놀이를 너무 열심히한듯
아이 유치줜 보낸 후 설겆이&gt;청소기돌림&gt;빨래걷어 개기&gt;빡쎈화장실청소&gt; 내점심식사&gt;마트장보기&gt; 3시7분 아이유치원하원 &gt;간식챙겨주고 조금 놀아줌&gt;저녁준비 미역국,낙지볶음,조기구이함,,,,물론 사이사이 작은 시간들이 있었음",FALSE,0,NA,2017-05-26 23:07:04,FALSE,NA,"868242107487485952",NA,"<a href=""http://twitter.com/download/iphone"" rel=""nofollow"">Twitter for iPhone</a>","sammyvolt",0,FALSE,FALSE,NA,NA
"5","아.. 컵라면이냐 미역국이냐 세상제일고민된다",FALSE,0,NA,2017-05-26 22:29:08,FALSE,NA,"868232561675218944",NA,"<a href=""http://twitter.com/download/android"" rel=""nofollow"">Twitter for Android</a>","dijyester",0,FALSE,FALSE,NA,NA
"6","미역국 먹엇다 역시 미역국은 고기 미역국이지!",FALSE,0,"moss_agateMAF",2017-05-26 22:20:05,FALSE,"868224205245919232","868230283019001856","289362321","<a href=""http://twitter.com/download/iphone"" rel=""nofollow"">Twitter for iPhone</a>","moss_agateMAF",0,FALSE,FALSE,NA,NA
"7","집에 엄빠가 오셔서 냉장고가 풍족해진다...!! 곰국에 미역국에 오리불고기 소불고기 찰떡 쑥떡!!! 햄볶하군",FALSE,1,NA,2017-05-26 22:12:54,FALSE,NA,"868228477916459008",NA,"<a href=""http://twitter.com/download/iphone"" rel=""nofollow"">Twitter for iPhone</a>","lee_spring_99",0,FALSE,FALSE,NA,NA
"8","미국인들은 미역국을 좋아하나?",FALSE,0,NA,2017-05-26 22:05:05,FALSE,NA,"868226509160423424",NA,"<a href=""http://twitter.com/download/android"" rel=""nofollow"">Twitter for Android</a>","Gen_Ziro",0,FALSE,FALSE,NA,NA
"9","@dkrkehtm1004 물건?
신발뇬 진짜 물건일세 
이런쓰레기 국개로 보내시고 미역국드신 지역민들 정말 존경(?)합니다
앞으로도 이런쓰레기 국개로보내시어 국당 망하는데  일조하시길 삼가 부탁드립니다 ^^",FALSE,1,"dkrkehtm1004",2017-05-26 21:52:11,FALSE,"867981400263204864","868223264467828736","460996686","<a href=""http://twitter.com/download/android"" rel=""nofollow"">Twitter for Android</a>","ashur2000",0,FALSE,FALSE,NA,NA
"10","RT @0_090_01: 미역국에 넣어 먹고십어 https://t.co/HKotLUtopN",FALSE,0,NA,2017-05-26 21:37:59,FALSE,NA,"868219690836934656",NA,"<a href=""http://twitter.com/download/iphone"" rel=""nofollow"">Twitter for iPhone</a>","voalri30",1,TRUE,FALSE,NA,NA
"11","미역국에 넣어 먹고십어 https://t.co/HKotLUtopN",FALSE,0,NA,2017-05-26 21:25:24,FALSE,NA,"868216523520827392",NA,"<a href=""http://twitter.com/download/iphone"" rel=""nofollow"">Twitter for iPhone</a>","o_ogo_ol",1,FALSE,FALSE,NA,NA
"12","오늘 아침은...미역국이야....",FALSE,0,NA,2017-05-26 20:14:57,FALSE,NA,"868198794810146817",NA,"<a href=""http://twitter.com/download/android"" rel=""nofollow"">Twitter for Android</a>","dusk_9805",0,FALSE,FALSE,NA,NA
"13","고기 잔뜩 넣은 미역국 먹고싶다",FALSE,0,NA,2017-05-26 19:27:14,FALSE,NA,"868186786933223425",NA,"<a href=""http://twitter.com/download/android"" rel=""nofollow"">Twitter for Android</a>","_giocattoli",0,FALSE,FALSE,NA,NA
"14","엄마의 갓 끓인 맛난 미역국 냄새임",FALSE,0,NA,2017-05-26 18:50:37,FALSE,NA,"868177572026306560",NA,"<a href=""http://twitter.com/download/iphone"" rel=""nofollow"">Twitter for iPhone</a>","roserosebeam",0,FALSE,FALSE,NA,NA
"15","내방에서 진짜 로 미역국 냄새나",FALSE,0,NA,2017-05-26 18:50:04,FALSE,NA,"868177432871710720",NA,"<a href=""http://twitter.com/download/iphone"" rel=""nofollow"">Twitter for iPhone</a>","roserosebeam",0,FALSE,FALSE,NA,NA
"16","방금 생각난 가설이 있는데 미역이 배에서 불었다거나를 좀 더 찬찬히 생각해보니까 미역국에 미역은 이미 다 불어있는 상태자나",FALSE,0,NA,2017-05-26 18:45:25,FALSE,NA,"868176261205458944",NA,"<a href=""http://twitter.com/download/iphone"" rel=""nofollow"">Twitter for iPhone</a>","co_meling",0,FALSE,FALSE,NA,NA
"17","내가 제일 싫은 건 미역이다 초등학교 수련회때 미역국의 미역 억지로 먹다가 토함",FALSE,1,NA,2017-05-26 18:29:30,FALSE,NA,"868172256496582656",NA,"<a href=""http://twitter.com/download/iphone"" rel=""nofollow"">Twitter for iPhone</a>","duck7tong",0,FALSE,FALSE,NA,NA
"18","@PRODUCE___l0l 밈 생일 축하해요ㅠㅠㅠㅠㅠㅠㅠㅠㅠㅠㅠ 저 찬양인데 본계정이 유령계정되버려서 일단 부계로라도ㅠㅠㅠㅠ 축하해여ㅠㅠㅠ 미역국하고 케이크 많이드시구 선물은 제살앙<ed><U+00A0><U+00BD><ed><U+00B2><U+008B>",FALSE,0,"PRODUCE___l0l",2017-05-26 18:06:57,FALSE,NA,"868166580697309185","860725673320566784","<a href=""http://twitter.com/download/iphone"" rel=""nofollow"">Twitter for iPhone</a>","208_kdaniel",0,FALSE,FALSE,NA,NA
"19","1월달에 얼려놓은 미역국은..?",FALSE,0,NA,2017-05-26 18:03:19,FALSE,NA,"868165665630298112",NA,"<a href=""http://twitter.com/download/android"" rel=""nofollow"">Twitter for Android</a>","enno_ranjji186",0,FALSE,FALSE,NA,NA
"20","윗집애가 해준 미역국과 나물반찬과 장조림을 먹고 걔가 오늘 학교선배한테 선물받은 생크림케이크를 먹고 내려와서 옵치를 좀 하다가 파판와서 던전좀 돌았는데 이렇구만",FALSE,1,NA,2017-05-26 18:00:14,FALSE,NA,"868164889650487296",NA,"<a href=""http://twitter.com/download/iphone"" rel=""nofollow"">Twitter for iPhone</a>","co_meling",0,FALSE,FALSE,NA,NA
"21","@SaNyangkum 맞아요 좀 미역국국물 느낌 비슷함ㅋㅋㅋㅋ",FALSE,1,"SaNyangkum",2017-05-26 17:57:00,FALSE,"868112664135835649","868164077117480960","995408744","<a href=""http://twitter.com/download/android"" rel=""nofollow"">Twitter for Android</a>","Jueony_P",0,FALSE,FALSE,NA,NA
"22","미역국 먹어야지 맛잇는 미역국",FALSE,0,NA,2017-05-26 17:28:41,FALSE,NA,"868156952290963456",NA,"<a href=""http://www.twitter.com"" rel=""nofollow"">Twitter for Windows</a>","kpopCEO",0,FALSE,FALSE,NA,NA
"23","@AY0UNG_TRM 생일에? (눈을 느릿하게 끔뻑이다가 흠, 짧게 소리를 내뱉고.) 글쎄…. 원하는 것을 하고 놀지. 놀이공원을 가기도 하고, 뭐, 케이크도 먹고, 미역국도 먹고. (곰곰히 생각하다가.)… https://t.co/uAt2UG8pfz",FALSE,0,"AY0UNG_TRM",2017-05-26 17:19:28,TRUE,"868153732030124032","868154633859891204","845828911267131393","<a href=""http://twitter.com/download/android"" rel=""nofollow"">Twitter for Android</a>","_Yun_Han_TRM",0,FALSE,FALSE,NA,NA
"24","@iSora_BTM (어째서인지 입에 미역국이 들어와있다..)(동공지진) 소라, 도라에몽이야...?",FALSE,0,"iSora_BTM",2017-05-26 17:17:34,FALSE,"868078769436676096","868154152060411904","867010130155454465","<a href=""http://twitter.com/download/android"" rel=""nofollow"">Twitter for Android</a>","Hanai_BTM",0,FALSE,FALSE,NA,NA
"25","팬텀 - 미역국 ★☆제목 마냥 따끈따끈 어제 나온 신곡이 와쓰여☆★ 난 처음 제목 보고 엄마의 미역국이 생각나서 효자 노랜 줄 알았는데 알고 보니 남친 노래..♡ 내 남친..♡ 응 꺼질게..♡ https://t.co/PlMWiL7cOt",FALSE,0,NA,2017-05-26 17:00:56,FALSE,NA,"868149968485326848",NA,"<a href=""http://twittbot.net/"" rel=""nofollow"">twittbot.net</a>","noraechu1000bot",0,FALSE,FALSE,NA,NA
"26","결론

미역국 작가님 충성충성",FALSE,0,NA,2017-05-26 16:45:02,FALSE,NA,"868145966506844161",NA,"<a href=""http://twitter.com/download/android"" rel=""nofollow"">Twitter for Android</a>","BlackTea_UT",0,FALSE,FALSE,NA,NA
"27","국물은 좋아하는데 건더기들은 싫어한다 카레를 별로 안좋아하는데 그게 그 건더기들이 들어가는게 싫을뿐이고 국물만은 잘먹는다 국은 맑은국물만 좋아한다 미역국이나 콩나물국.. 고춧가루떠다니는거나 약간 텁텁한거 싫다 일단 맑응국물이 좋다",FALSE,0,"yum_ming_24",2017-05-26 16:40:11,FALSE,"868144120367153152","868144747617017856","838017399081283584","<a href=""http://twitter.com/download/android"" rel=""nofollow"">Twitter for Android</a>","yum_ming_24",0,FALSE,FALSE,NA,NA
"28","즈람님은 생일선물로 파스타나 치킨이 먹고싶어.... 미역국도 좋지만 흐으응 질린다구",FALSE,0,NA,2017-05-26 16:38:23,FALSE,NA,"868144292962811904",NA,"<a href=""http://twitter.com"" rel=""nofollow"">Twitter Web Client</a>","anszram",0,FALSE,FALSE,NA,NA
"29","RT @parkha_0804: @inoutotheworlic 온스넴!!! ㅁ생ㅇ일 축하해요!'ㅁㅌㅁㅌㅁㅊㅁ 풍선 옘브게 돌아다녀!!!! 오늘 맛난ㅓ거 케이크랑 미역국 꼭꼭 챙겨드시구 기분좋은 하루 보냐세요!!<ed><U+00A0><U+00BD><ed><U+00B8><U+0087><ed><U+00A0><U+00BD><ed><U+00B2><U+009E>",FALSE,0,NA,2017-05-26 16:20:04,FALSE,NA,"868139682474872832",NA,"<a href=""http://twitter.com/download/iphone"" rel=""nofollow"">Twitter for iPhone</a>","inoutotheworlic",1,TRUE,FALSE,NA,NA
"30","@inoutotheworlic 온스넴!!! ㅁ생ㅇ일 축하해요!'ㅁㅌㅁㅌㅁㅊㅁ 풍선 옘브게 돌아다녀!!!! 오늘 맛난ㅓ거 케이크랑 미역국 꼭꼭 챙겨드시구 기분좋은 하루 보냐세요!!<ed><U+00A0><U+00BD><ed><U+00B8><U+0087><ed><U+00A0><U+00BD><ed><U+00B2><U+009E>",FALSE,1,"inoutotheworlic",2017-05-26 16:16:50,FALSE,NA,"868138870801440768","4667479657","<a href=""http://twitter.com/download/android"" rel=""nofollow"">Twitter for Android</a>","parkha_0804",1,FALSE,FALSE,NA,NA
"31","오늘 애들 데리고 이마트 갔다. 거기는 피코크 키친이라고, 피코크 반조리 제품으로 요리(?)해서 파는 푸드코트가 있다. 애들이랑 가면 보통은 9900원짜리 생선구이 정식 먹고(피코크 미역국이 나온다 ㅋㅋ) 가끔 베트남 쌀국수 먹고(면이 피코크고 국물은",FALSE,3,NA,2017-05-26 16:09:38,FALSE,NA,"868137058694385664",NA,"<a href=""http://twitter.com/download/iphone"" rel=""nofollow"">Twitter for iPhone</a>","sputnik274",3,FALSE,FALSE,NA,NA
"32","RT @kira_antiorca: 피르반 임신? 미역국! 미역국!",FALSE,0,NA,2017-05-26 16:02:59,FALSE,NA,"868135385485819906",NA,"<a href=""http://twitter.com"" rel=""nofollow"">Twitter Web Client</a>","Biseul_orca",1,TRUE,FALSE,NA,NA
"33","RT @kira_antiorca: 미역국! 미역국! https://t.co/PGktPMUFEG",FALSE,0,NA,2017-05-26 16:02:48,FALSE,NA,"868135337737895937",NA,"<a href=""http://twitter.com"" rel=""nofollow"">Twitter Web Client</a>","Biseul_orca",1,TRUE,FALSE,NA,NA
"34","@ISH_9n ㅋㅋㅋㅋㅋ미역 한 조각이라뇨,,, 미역국 짠 만큼 짜지는 아진이 얼굴,, 짜게 식눈다,,,, ㅋㅋㅋㅋㅋㅋㅋㅋ 키가 여기서 더 커지면 거의 천장 뚫지 않을까요? 아뵤~! ㅋㅋㅋ 제송함ㄴ다,,,(… https://t.co/Scx3YO5IPY",FALSE,0,"ISH_9n",2017-05-26 16:01:41,TRUE,"867974134378004481","868135055687786496","2894538344","<a href=""http://www.twitter.com"" rel=""nofollow"">Twitter for Windows</a>","qkr9756",0,FALSE,FALSE,NA,NA
"35","피르반 임신? 미역국! 미역국!",FALSE,1,NA,2017-05-26 16:01:09,FALSE,NA,"868134924213043200",NA,"<a href=""http://twitter.com/download/iphone"" rel=""nofollow"">Twitter for iPhone</a>","kira_antiorca",1,FALSE,FALSE,NA,NA
"36","미역국! 미역국! https://t.co/PGktPMUFEG",FALSE,0,NA,2017-05-26 15:59:18,FALSE,NA,"868134458418802689",NA,"<a href=""http://twitter.com/download/iphone"" rel=""nofollow"">Twitter for iPhone</a>","kira_antiorca",1,FALSE,FALSE,NA,NA
"37","RT @soonotsue: @lufu_ 저는 미역국이요",FALSE,0,NA,2017-05-26 15:58:49,FALSE,NA,"868134335777431552",NA,"<a href=""http://twitter.com/download/android"" rel=""nofollow"">Twitter for Android</a>","chloe_jung24",1,TRUE,FALSE,NA,NA
"38","RT @ohmygirl_Chef: 진짜 우리 엄마밖에 없다..
사장님이 어떻게 알았는고 하니
아침에 미역국 못 먹이고 나왔다고
사장님한테 전화해서 애 생일이라서
미역국 좀 끓여달라고 전화하신거래..",FALSE,0,NA,2017-05-26 15:56:09,FALSE,NA,"868133666081329152",NA,"<a href=""http://twitter.com/download/android"" rel=""nofollow"">Twitter for Android</a>","lvlz_8love",15,TRUE,FALSE,NA,NA
"39","RT @whitesom_: @mydaddyshome 아뺘님 오사원 태어나게해주셔서 감사합니다 미역국이라도 끓여야(뭐래 오사원이들하고 행복하게 잘살게요 애기들 이제 야근 안 시키고 엄마가 열심히 돈벌겟읍니다 따흑ㅠㅠ https://t.co/VqDPLf…",FALSE,0,NA,2017-05-26 15:55:48,FALSE,NA,"868133575559794688",NA,"<a href=""http://tapbots.com/tweetbot"" rel=""nofollow"">Tweetbot for iΟS</a>","pol_cchack",2,TRUE,FALSE,NA,NA
"40","RT @Spring_Aran: @coni_shirabu 

헉 우리 코니님 오늘 생일이셨구나! 생일 축하드리고 오늘 미역국 꼭 꼭 드세요<ed><U+00A0><U+00BD><ed><U+00B8><U+009A> 어제는 시라부랑 100일이더니... 둘은 운명이 맞네요 결혼해버려~~~! 코니님 트윗 들어갈 때마다 풍선이 둥…",FALSE,0,NA,2017-05-26 15:50:24,FALSE,NA,"868132216815009792",NA,"<a href=""http://twitter.com/download/iphone"" rel=""nofollow"">Twitter for iPhone</a>","coni_shirabu",1,TRUE,FALSE,NA,NA
"41","@coni_shirabu 

헉 우리 코니님 오늘 생일이셨구나! 생일 축하드리고 오늘 미역국 꼭 꼭 드세요<ed><U+00A0><U+00BD><ed><U+00B8><U+009A> 어제는 시라부랑 100일이더니... 둘은 운명이 맞네요 결혼해버려~~~! 코니님 트윗 들어갈 때마다 풍선이 둥실둥실 떠다녀서 예쁘네요",FALSE,1,"coni_shirabu",2017-05-26 15:45:44,FALSE,NA,"868131042221281280","4839305270","<a href=""http://twitter.com/download/android"" rel=""nofollow"">Twitter for Android</a>","Spring_Aran",1,FALSE,FALSE,NA,NA
"42","@momu_xia 미역국 밥에 김치도 <ed><U+00A0><U+00BD><ed><U+00B1><U+008D><ed><U+00A0><U+00BD><ed><U+00B1><U+008D><ed><U+00A0><U+00BD><ed><U+00B1><U+008D><ed><U+00A0><U+00BD><ed><U+00B1><U+008D><ed><U+00A0><U+00BD><ed><U+00B1><U+008D><ed><U+00A0><U+00BD><ed><U+00B1><U+008D>",FALSE,0,"momu_xia",2017-05-26 15:42:08,FALSE,"868129722483351552","868130136880685056","839741642189881344","<a href=""http://twitter.com/download/android"" rel=""nofollow"">Twitter for Android</a>","azalea1215",0,FALSE,FALSE,NA,NA
"43","내가 미역국을 좋아하긴 하는데... 음........",FALSE,7,NA,2017-05-26 15:41:11,FALSE,NA,"868129899386511360",NA,"<a href=""http://twitter.com/download/android"" rel=""nofollow"">Twitter for Android</a>","CYJ_PD3",0,FALSE,FALSE,NA,NA
"44","@azalea1215 따수운 밥에 미역국 말아먹고싶네여....<ed><U+00A0><U+00BD><ed><U+00B8><U+00A2>",FALSE,0,"azalea1215",2017-05-26 15:40:29,FALSE,"868129469822713856","868129722483351552","839812812151017472","<a href=""http://twitter.com/download/android"" rel=""nofollow"">Twitter for Android</a>","momu_xia",0,FALSE,FALSE,NA,NA
"45","@azalea1215 ㅜㅠㅠㅜㅠ전 간식을 먹게쑵니다! 근데 미역국도 먹고싶으ㄴ.....",FALSE,0,"azalea1215",2017-05-26 15:37:52,FALSE,"868128619511468032","868129065609207808","839812812151017472","<a href=""http://twitter.com/download/android"" rel=""nofollow"">Twitter for Android</a>","momu_xia",0,FALSE,FALSE,NA,NA
"46","@azalea1215 미역국에 밥이라뇨ㅠㅠㅜㅜㅠ마시게따ㅠㅠㅜㅠ",FALSE,0,"azalea1215",2017-05-26 15:35:34,FALSE,"868128178023260160","868128484106817537","839812812151017472","<a href=""http://twitter.com/download/android"" rel=""nofollow"">Twitter for Android</a>","momu_xia",0,FALSE,FALSE,NA,NA
"47","@momu_xia 머그세요!!! 저도 배고파서 방금 미역국에 밥말아 먹엇어여..ㅎㅅㅎ",FALSE,0,"momu_xia",2017-05-26 15:34:21,FALSE,"868126544652156929","868128178023260160","839741642189881344","<a href=""http://twitter.com/download/android"" rel=""nofollow"">Twitter for Android</a>","azalea1215",0,FALSE,FALSE,NA,NA
"48","미세먼지엔 삼겹살보다는 미역국이 좋다네요. 삼겹살은 오히려 안좋을수도 있다네요 https://t.co/VdLes4wSV5",FALSE,0,NA,2017-05-26 15:28:07,FALSE,NA,"868126611471687681",NA,"<a href=""http://twitter.com"" rel=""nofollow"">Twitter Web Client</a>","solutionslead",0,FALSE,FALSE,NA,NA
"49","RT @BTS_twt: 진형 생일 축하해요! 맛있는 미역국 만들어보도록 노력좀 해볼게요!
#진형생일ㅊㅋ http://t.co/Ydow3dLPiC",FALSE,0,NA,2017-05-26 15:24:45,FALSE,NA,"868125761005277186",NA,"<a href=""http://twitter.com/download/android"" rel=""nofollow"">Twitter for Android</a>","taelusions",16611,TRUE,FALSE,NA,NA
"50","RT @BTS_twt: 미역국 감사합니다.. #원샷했어요 https://t.co/e3DEMKE3k9",FALSE,0,NA,2017-05-26 15:18:48,FALSE,NA,"868124265513598976",NA,"<a href=""http://twitter.com/download/android"" rel=""nofollow"">Twitter for Android</a>","dvntkim_",52996,TRUE,FALSE,NA,NA
"51","RT @SVT_CCC: 미역은 미역국말고 미역냉국.. .",FALSE,0,NA,2017-05-26 15:10:46,FALSE,NA,"868122244316135424",NA,"<a href=""http://twitter.com/download/android"" rel=""nofollow"">Twitter for Android</a>","Ahn_Minhyuk",1,TRUE,FALSE,NA,NA
"52","미역은 미역국말고 미역냉국.. .",FALSE,1,NA,2017-05-26 15:10:20,FALSE,NA,"868122134240927744",NA,"<a href=""http://twitter.com/download/android"" rel=""nofollow"">Twitter for Android</a>","SVT_CCC",1,FALSE,FALSE,NA,NA
"53","@Ahn_Minhyuk 아냐 나 미역국 좋아해",FALSE,0,"Ahn_Minhyuk",2017-05-26 15:08:31,FALSE,"868121313231032320","868121678223556612","832159019095646208","<a href=""http://twitter.com/download/android"" rel=""nofollow"">Twitter for Android</a>","C4LLM2R10N2",0,FALSE,FALSE,NA,NA
"54","RT @woghks96: 내새끼 내일 미역국 꼭 먹어
#재환이의_생일을_축하합니까요 
#HappyJaehwanDay
취미생활 잔뜩해",FALSE,0,NA,2017-05-26 15:05:12,FALSE,NA,"868120844425240576",NA,"<a href=""http://twitter.com/download/iphone"" rel=""nofollow"">Twitter for iPhone</a>","greenJeong_95",8,TRUE,FALSE,NA,NA
"55","오늘은 계란찜에 잡곡밥 반 공기, 풋고추 4개 먹었어요. 그저께는 미역국에 잡곡밥 반 공기, 스프랑 빵 한 조각 먹었구요. 의미 없네... 김치 먹고 싶어... 햄김치볶음밥이랑 불닭볶음면에 통베이컨, 치즈볶이 두 개에 끌라라, 비비고 만두에 칭따오..",FALSE,0,NA,2017-05-26 15:01:32,FALSE,NA,"868119920000737280",NA,"<a href=""http://twitter.com/download/iphone"" rel=""nofollow"">Twitter for iPhone</a>","10ct_02",0,FALSE,FALSE,NA,NA
"56","미역... 미역국 끓이면 되나요...",FALSE,1,NA,2017-05-26 15:01:24,FALSE,NA,"868119884470693888",NA,"<a href=""http://twitter.com/download/android"" rel=""nofollow"">Twitter for Android</a>","1215_1201",0,FALSE,FALSE,NA,NA
"57","나 진짜 장식 조금이라도 안넣으면 마치라잌 미역없는 미역국 느낌.....이걸 어쩐담",FALSE,0,NA,2017-05-26 14:38:05,FALSE,NA,"868114019378319360",NA,"<a href=""http://twitter.com/download/android"" rel=""nofollow"">Twitter for Android</a>","kenedy0010",0,FALSE,FALSE,NA,NA
"58","미역국느낌이야",FALSE,1,NA,2017-05-26 14:32:42,FALSE,NA,"868112664135835649",NA,"<a href=""http://twitter.com/download/android"" rel=""nofollow"">Twitter for Android</a>","SaNyangkum",0,FALSE,FALSE,NA,NA
"59","부담스럽진 않겠죠?? 막 케잌 안 좋아하진 않겠죠?ㅜㅜㅠ 아 진짜 미역국 기프트콘은 안 좋아하겠죠? ㅜㅜㅜ",FALSE,0,"btslove_0613__",2017-05-26 14:23:54,FALSE,"868109794279792642","868110450629656577","859982452705468420","<a href=""http://twitter.com/download/iphone"" rel=""nofollow"">Twitter for iPhone</a>","btslove_0613__",0,FALSE,FALSE,NA,NA
"60","RT @BTS_twt: 냠냠 미역국 잘먹었습니당 
좀 있다 봐열~~~ https://t.co/WcaY4eId3F",FALSE,0,NA,2017-05-26 14:22:40,FALSE,NA,"868110139059875841",NA,"<a href=""http://twitter.com/download/iphone"" rel=""nofollow"">Twitter for iPhone</a>","micha_pami",58481,TRUE,FALSE,NA,NA
"61","사실 미역국 그리 좋아하는 편이 아니다... 왜냐하면 한번먹고 그만 먹고싶어... 3~4매일 아침점심저녁 먹고싶지않아",FALSE,0,NA,2017-05-26 14:20:14,FALSE,NA,"868109524741246976",NA,"<a href=""http://twitter.com/download/android"" rel=""nofollow"">Twitter for Android</a>","hopp3304",0,FALSE,FALSE,NA,NA
"62","하루만에 미용실갓다 옷사고 점심엔 칼국수를 먹고 쿠키를 구워먹은다음 자전거를 배우고 저녁을 외식하면서 명란젓과 미역국과 갈치를 구워먹고 베스킨라빈스 쿼터사이즈를 해치우면서 과자랑 도넛 먹는 법 구합니다",FALSE,0,NA,2017-05-26 14:19:56,FALSE,NA,"868109451328237568",NA,"<a href=""http://d.hatena.ne.jp/ABS104a/"" rel=""nofollow"">Biyon Lite</a>","thanasys_",0,FALSE,FALSE,NA,NA
"63","엄마:내일 미용실가자
내일 찢어진 청바지 사러가자
같이 쿠키 굽자
자전거 가르쳐줄게 
점심엔 칼국수먹고 저녁엔 다른거 사먹자
명란젓삿어
미역국 끓여줄게
우리엄만 하루가 48시간인가...",FALSE,2,NA,2017-05-26 14:18:40,FALSE,NA,"868109133202939904",NA,"<a href=""http://d.hatena.ne.jp/ABS104a/"" rel=""nofollow"">Biyon Lite</a>","thanasys_",0,FALSE,FALSE,NA,NA
"64","RT @woghks96: 내새끼 내일 미역국 꼭 먹어
#재환이의_생일을_축하합니까요 
#HappyJaehwanDay
취미생활 잔뜩해",FALSE,0,NA,2017-05-26 14:03:07,FALSE,NA,"868105218277253122",NA,"<a href=""http://twitter.com/download/android"" rel=""nofollow"">Twitter for Android</a>","S_hwaaan_2",8,TRUE,FALSE,NA,NA
"65","#주쉽_3주년_축하드려요

세ㅔ상에 벌써 3주년이라고요???!!??!!
세상에 제 인생 장르 탄생시켜주신 미역국 작가님 짱짱 감사하고 마르스 짱 이쁘고 어스님 짱 아름다우시고 프라이 짱 섹시 하고 덜스 넘나 이쁘다!!!!??!!!",FALSE,0,NA,2017-05-26 13:59:31,FALSE,NA,"868104314136309760",NA,"<a href=""http://twitter.com/download/android"" rel=""nofollow"">Twitter for Android</a>","Udyeng",0,FALSE,FALSE,NA,NA
"66","RT @woghks96: 내새끼 내일 미역국 꼭 먹어
#재환이의_생일을_축하합니까요 
#HappyJaehwanDay
취미생활 잔뜩해",FALSE,0,NA,2017-05-26 13:59:27,FALSE,NA,"868104294578376704",NA,"<a href=""http://twitter.com/download/android"" rel=""nofollow"">Twitter for Android</a>","M0NG_0527",8,TRUE,FALSE,NA,NA
"67","RT @woghks96: 내새끼 내일 미역국 꼭 먹어
#재환이의_생일을_축하합니까요 
#HappyJaehwanDay
취미생활 잔뜩해",FALSE,0,NA,2017-05-26 13:58:51,FALSE,NA,"868104145244377089",NA,"<a href=""http://twitter.com/download/iphone"" rel=""nofollow"">Twitter for iPhone</a>","jaehwanylovey",8,TRUE,FALSE,NA,NA
"68","RT @woghks96: 내새끼 내일 미역국 꼭 먹어
#재환이의_생일을_축하합니까요 
#HappyJaehwanDay
취미생활 잔뜩해",FALSE,0,NA,2017-05-26 13:58:29,FALSE,NA,"868104054357934080",NA,"<a href=""http://twitter.com/download/iphone"" rel=""nofollow"">Twitter for iPhone</a>","jjhh0527_",8,TRUE,FALSE,NA,NA
"69","RT @woghks96: 내새끼 내일 미역국 꼭 먹어
#재환이의_생일을_축하합니까요 
#HappyJaehwanDay
취미생활 잔뜩해",FALSE,0,NA,2017-05-26 13:58:17,FALSE,NA,"868104002919059456",NA,"<a href=""http://twitter.com/download/iphone"" rel=""nofollow"">Twitter for iPhone</a>","ioidqwe",8,TRUE,FALSE,NA,NA
"70","RT @woghks96: 내새끼 내일 미역국 꼭 먹어
#재환이의_생일을_축하합니까요 
#HappyJaehwanDay
취미생활 잔뜩해",FALSE,0,NA,2017-05-26 13:58:10,FALSE,NA,"868103971587579904",NA,"<a href=""https://mobile.twitter.com"" rel=""nofollow"">Twitter Lite</a>","Kinggodjhdebut",8,TRUE,FALSE,NA,NA
"71","RT @woghks96: 내새끼 내일 미역국 꼭 먹어
#재환이의_생일을_축하합니까요 
#HappyJaehwanDay
취미생활 잔뜩해",FALSE,0,NA,2017-05-26 13:58:08,FALSE,NA,"868103965728047104",NA,"<a href=""http://twitter.com/download/android"" rel=""nofollow"">Twitter for Android</a>","jhjhdbh",8,TRUE,FALSE,NA,NA
"72","내새끼 내일 미역국 꼭 먹어
#재환이의_생일을_축하합니까요 
#HappyJaehwanDay
취미생활 잔뜩해",FALSE,0,NA,2017-05-26 13:58:03,FALSE,NA,"868103942323847169",NA,"<a href=""http://twitter.com/download/android"" rel=""nofollow"">Twitter for Android</a>","woghks96",8,FALSE,FALSE,NA,NA
"73","@1s2m3h4d 그런듯. 난 그 비슷한 느낌적인 느낌으로 마감하고 나면 언제나 미역국을 먹엌ㅋㅋㅋㅋㅋ 마치 해산때의 산모님처럼...<ed><U+00A0><U+00BD><ed><U+00B8><U+0082>",FALSE,0,"1s2m3h4d",2017-05-26 13:56:06,FALSE,"868043289814941696","868103454371201026","750255219884236800","<a href=""https://about.twitter.com/products/tweetdeck"" rel=""nofollow"">TweetDeck</a>","ilMlXlMli",0,FALSE,FALSE,NA,NA
"74","@isaymoomoouh 미역국ㄱ밥이 편하긴하네요오ㅋㅋㅋㅋㅋ  인장 넘기엽스 함미다",FALSE,0,"isaymoomoouh",2017-05-26 13:54:00,FALSE,"868102127221997569","868102922751557634","4657468153","<a href=""http://twitter.com/download/android"" rel=""nofollow"">Twitter for Android</a>","minhyuk_260",0,FALSE,FALSE,NA,NA
"75","@gomwithhorang 미역국은 못 먹었지만 케익이랑 위스키 온더락스로 자축했어요 ㅋㅋㅋ",FALSE,1,"gomwithhorang",2017-05-26 13:51:12,FALSE,"868101938285604864","868102221979938816","52259438","<a href=""http://twitter.com/download/iphone"" rel=""nofollow"">Twitter for iPhone</a>","sepalcee",0,FALSE,FALSE,NA,NA
"76","ㅇ ㅏㄴㅏ 제캐 원래 성ㄱㄱ 쓰레기엿ㅅ어요 예를들면 수능치는 캐 잇으면 미역국 먹여주고 펜 떨어뜨리면서 ' 어라, 펜이 """"""""떨어졌""""""""네? (우 슴) ' 이런 캐로 내려 햇섯다가 오너가개쫄보라넘착해졋러요,,,",FALSE,3,NA,2017-05-26 13:44:36,FALSE,NA,"868100557625409536",NA,"<a href=""http://twitter.com/download/android"" rel=""nofollow"">Twitter for Android</a>","L_roard_WD",0,FALSE,FALSE,NA,NA
"77","아들 생일에 미역국을 못 끓여줘 미안해 
하시는 어머니께 너무 죄송하고 죄스럽다",FALSE,0,NA,2017-05-26 13:41:54,FALSE,NA,"868099881700700161",NA,"<a href=""http://twitter.com/download/android"" rel=""nofollow"">Twitter for Android</a>","ohmygirl_Chef",0,FALSE,FALSE,NA,NA
"78","@minhsk_ @BTS_twt 너희 어머니는 너 낳고 미역국 먹으셨다니...?",FALSE,0,"minhsk_",2017-05-26 13:40:13,FALSE,"847289271610261504","868099455903453185","3190887657","<a href=""http://twitter.com/download/android"" rel=""nofollow"">Twitter for Android</a>","kangyujin_",0,FALSE,FALSE,NA,NA
"79","RT @_ssalty_: 고요님 생일상 푸아그라와 사과와인조림/동파육/대하소금구이/ 사진엔없지만 미역국까지^~^ https://t.co/5WftNaisHR",FALSE,0,NA,2017-05-26 13:34:25,FALSE,NA,"868097996054974464",NA,"<a href=""http://twitter.com/download/iphone"" rel=""nofollow"">Twitter for iPhone</a>","_ggoverwatch_",1,TRUE,FALSE,NA,NA
"80","@lufu_ 저는 미역국이요",FALSE,2,"lufu_",2017-05-26 13:32:54,FALSE,"868093087100223489","868097615233032194","2438770280","<a href=""http://twitter.com/download/iphone"" rel=""nofollow"">Twitter for iPhone</a>","soonotsue",1,FALSE,FALSE,NA,NA
"81","@tiramisu_99 난 누룽지 안좋아하니깐 미역국만 부럽댜!!!!",FALSE,0,"tiramisu_99",2017-05-26 13:31:15,FALSE,"868096908295782402","868097198226931712","710116795798020096","<a href=""http://twitter.com/download/iphone"" rel=""nofollow"">Twitter for iPhone</a>","EXO_Ent0408",0,FALSE,FALSE,NA,NA
"82","@EXO_Ent0408 나지금넘배불ㄴ더...방금 미역국 깍두기 누룽지머겄오맛있오 자랑마쟈",FALSE,0,"EXO_Ent0408",2017-05-26 13:30:06,FALSE,"868096723763175424","868096908295782402","1553157510","<a href=""http://twitter.com/download/android"" rel=""nofollow"">Twitter for Android</a>","tiramisu_99",0,FALSE,FALSE,NA,NA
"83","고요님 생일상 푸아그라와 사과와인조림/동파육/대하소금구이/ 사진엔없지만 미역국까지^~^ https://t.co/5WftNaisHR",FALSE,1,NA,2017-05-26 13:29:33,FALSE,NA,"868096771813130240",NA,"<a href=""http://twitter.com/download/android"" rel=""nofollow"">Twitter for Android</a>","_ssalty_",1,FALSE,FALSE,NA,NA
"84","내일 아침에 엄마 미역국 끓여드리려고 오늘 친정에 왔다. 아무것도 안해도 된다 하시면서도 '미역국 끓여줄께!!!' 했더니 아이둘에 짐 많다고 실으러 오셨다. 자꾸만 순간순간에 조바심이 난다. 조금만 엄마의 시간이 천천히 가길… 기도한다.",FALSE,0,NA,2017-05-26 13:29:31,FALSE,NA,"868096762430357505",NA,"<a href=""http://twitter.com/download/iphone"" rel=""nofollow"">Twitter for iPhone</a>","zinnedo",0,FALSE,FALSE,NA,NA
"85","RT @OfficialMonstaX: [#셔누] 너의 생일을 맞아 니가 끓여준 미역국을 너무 잘먹어서 기분도 좋고
너무 즐거웠다~ㅋㅋㅋ 생일 축하한다#KIHYUNDAY https://t.co/pd5OA47FLU",FALSE,0,NA,2017-05-26 13:25:56,FALSE,NA,"868095863393968129",NA,"<a href=""http://twitter.com/download/android"" rel=""nofollow"">Twitter for Android</a>","yuko039838",10981,TRUE,FALSE,NA,NA
"86","RT @ohmygirl_Chef: 진짜 우리 엄마밖에 없다..
사장님이 어떻게 알았는고 하니
아침에 미역국 못 먹이고 나왔다고
사장님한테 전화해서 애 생일이라서
미역국 좀 끓여달라고 전화하신거래..",FALSE,0,NA,2017-05-26 13:22:07,FALSE,NA,"868094901086330881",NA,"<a href=""http://twitter.com/download/android"" rel=""nofollow"">Twitter for Android</a>","r2k4f",15,TRUE,FALSE,NA,NA
"87","RT @ohmygirl_Chef: 진짜 우리 엄마밖에 없다..
사장님이 어떻게 알았는고 하니
아침에 미역국 못 먹이고 나왔다고
사장님한테 전화해서 애 생일이라서
미역국 좀 끓여달라고 전화하신거래..",FALSE,0,NA,2017-05-26 13:20:46,FALSE,NA,"868094560823500801",NA,"<a href=""http://twitter.com/download/android"" rel=""nofollow"">Twitter for Android</a>","BlazingSirius",15,TRUE,FALSE,NA,NA
"88","RT @ohmygirl_Chef: 진짜 우리 엄마밖에 없다..
사장님이 어떻게 알았는고 하니
아침에 미역국 못 먹이고 나왔다고
사장님한테 전화해서 애 생일이라서
미역국 좀 끓여달라고 전화하신거래..",FALSE,0,NA,2017-05-26 13:19:54,FALSE,NA,"868094342157680643",NA,"<a href=""http://twitter.com/download/android"" rel=""nofollow"">Twitter for Android</a>","Goranduk",15,TRUE,FALSE,NA,NA
"89","RT @OfficiaI_LVLZ8: [#지애] #러블리너스 여러분<ed><U+00A0><U+00BD><ed><U+00B2><U+0095> 5월 21일은 무슨 날? 바로바로바로 쟤 생일! 무민무민한 지애의 생일을 기념하여 셀카 한 장!<ed><U+00A0><U+00BD><ed><U+00B8><U+008D>
#지애야_생일_축하해<ed><U+00A0><U+00BC><ed><U+00BE><U+0082>
#쟤블리_미역국_두_번_머겅_많이_머겅 https://t.c…",FALSE,0,NA,2017-05-26 13:19:16,FALSE,NA,"868094185181597697",NA,"<a href=""http://twitter.com/download/android"" rel=""nofollow"">Twitter for Android</a>","ameowricano",12,TRUE,FALSE,NA,NA
"90","@EHZZIM 김치찜 헐 ㅜㅜㅜ미역국 완전좋아♥♥♥ㅎㅎ 배불러 ㅋㅋㅋㅋㅋ 낙지가 좀 비린맛나....ㅜ",FALSE,0,"EHZZIM",2017-05-26 13:08:23,FALSE,"868086504614092800","868091445059518466","468436437","<a href=""http://twitter.com/download/android"" rel=""nofollow"">Twitter for Android</a>","amuse_dlife",0,FALSE,FALSE,NA,NA
"91","@hopehorse_0613 괜찬앙 난 미역국을 못 끓 .. 쿨럭",FALSE,0,"hopehorse_0613",2017-05-26 12:53:47,FALSE,"868082850603466752","868087769750323200","736346428784541696","<a href=""http://twitter.com/download/iphone"" rel=""nofollow"">Twitter for iPhone</a>","Ri_yoU_",0,FALSE,FALSE,NA,NA
"92","제주도는 기본적으로 된장미역국을 먹는당! 물론 우리집은 서울에서 이사왔기에 (ㅋㅋㅋㅋㅋㅋㅋㅋㅋㅋㅋㅋ) 그렇게 먹지는 않았지만... 식당을 가던 학교 급식이던 거의 된장미역국이었음... 된장미역국 아님 성게미역국.. 성게미역국 먹고 싶다....",FALSE,0,"worker_her",2017-05-26 12:51:36,FALSE,"868086710822772738","868087221487677442","2247110142","<a href=""https://about.twitter.com/products/tweetdeck"" rel=""nofollow"">TweetDeck</a>","worker_her",0,FALSE,FALSE,NA,NA
"93","아 맞아 미역국자까님 포항사시는거맞나봐
내친구가 자까님한테 웬즈그림받았데....덜덜 부러운짜식",FALSE,0,NA,2017-05-26 12:50:19,FALSE,NA,"868086899520315393",NA,"<a href=""http://twitter.com/download/android"" rel=""nofollow"">Twitter for Android</a>","Ttuwap",0,FALSE,FALSE,NA,NA
"94","참치미역국과 된장미역국 사이에서 갈등했지만 된장미역국으로 했다 참치는 내일 볶음밥에 넣고... ^ㅅ^ 오랜만에 제주의 향취",FALSE,0,NA,2017-05-26 12:49:34,FALSE,NA,"868086710822772738",NA,"<a href=""https://about.twitter.com/products/tweetdeck"" rel=""nofollow"">TweetDeck</a>","worker_her",0,FALSE,FALSE,NA,NA
"95","맵고 독하게 하기 위해 고추장 풀어 미역국 휘리릭~ 밥 말아 먹고 왔어요. ㅋ.. 어제까지 20:00~02:00을 오늘부터 딱 1달간이니 20:00~03:00로 독하게+모질게+완벽하게+제대로+외우고+풀고+그… https://t.co/XYTfr0UoJi",FALSE,0,NA,2017-05-26 12:49:04,TRUE,NA,"868086582854602754",NA,"<a href=""http://twitter.com/download/android"" rel=""nofollow"">Twitter for Android</a>","9988alive",0,FALSE,FALSE,NA,NA
"96","@amuse_dlife 나는 김치찜이랑 김이랑 미역국이랑!!ㅋㅋㅋㅋㅋㅋ 나 낙지볶음 사랑해ㅠㅠㅠ맛있게따 언능머거<ed><U+00A0><U+00BE><ed><U+00B4><U+0097>",FALSE,0,"amuse_dlife",2017-05-26 12:48:45,FALSE,"868085129574363136","868086504614092800","812314712549376000","<a href=""http://twitter.com/download/iphone"" rel=""nofollow"">Twitter for iPhone</a>","EHZZIM",0,FALSE,FALSE,NA,NA
"97","RT @HuffPostKorea: 미역국은 산모와 신생아에게 해로울 수 있다 https://t.co/zes57KdorR https://t.co/AZtpwr2CNw",FALSE,0,NA,2017-05-26 12:38:44,FALSE,NA,"868083985305317378",NA,"<a href=""http://twitter.com/download/iphone"" rel=""nofollow"">Twitter for iPhone</a>","saesam_mangham",109,TRUE,FALSE,NA,NA
"98","RT @ohmygirl_Chef: 진짜 우리 엄마밖에 없다..
사장님이 어떻게 알았는고 하니
아침에 미역국 못 먹이고 나왔다고
사장님한테 전화해서 애 생일이라서
미역국 좀 끓여달라고 전화하신거래..",FALSE,0,NA,2017-05-26 12:23:30,FALSE,NA,"868080150549643265",NA,"<a href=""http://twitter.com/download/iphone"" rel=""nofollow"">Twitter for iPhone</a>","qkfrhkdwk",15,TRUE,FALSE,NA,NA
"99","RT @ohmygirl_Chef: 진짜 우리 엄마밖에 없다..
사장님이 어떻게 알았는고 하니
아침에 미역국 못 먹이고 나왔다고
사장님한테 전화해서 애 생일이라서
미역국 좀 끓여달라고 전화하신거래..",FALSE,0,NA,2017-05-26 12:18:52,FALSE,NA,"868078982058483712",NA,"<a href=""http://twitter.com/download/iphone"" rel=""nofollow"">Twitter for iPhone</a>","MeiQi_Hi",15,TRUE,FALSE,NA,NA
"100","a뭔가 뭐든지 오랜만에 먹으면 맛난거 같아요. 고기미역국 별로 안좋아하는데 오랜만에 먹으니까 맛나네",FALSE,1,NA,2017-05-26 12:18:22,FALSE,NA,"868078856279695360",NA,"<a href=""http://twitter.com"" rel=""nofollow"">Twitter Web Client</a>","medic0531",0,FALSE,FALSE,NA,NA
"101","RT @ohmygirl_Chef: 진짜 우리 엄마밖에 없다..
사장님이 어떻게 알았는고 하니
아침에 미역국 못 먹이고 나왔다고
사장님한테 전화해서 애 생일이라서
미역국 좀 끓여달라고 전화하신거래..",FALSE,0,NA,2017-05-26 12:16:47,FALSE,NA,"868078460182319104",NA,"<a href=""http://twitter.com/download/android"" rel=""nofollow"">Twitter for Android</a>","binibogu15",15,TRUE,FALSE,NA,NA
"102","RT @ohmygirl_Chef: 진짜 우리 엄마밖에 없다..
사장님이 어떻게 알았는고 하니
아침에 미역국 못 먹이고 나왔다고
사장님한테 전화해서 애 생일이라서
미역국 좀 끓여달라고 전화하신거래..",FALSE,0,NA,2017-05-26 12:14:26,FALSE,NA,"868077866126266368",NA,"<a href=""http://twitter.com/download/android"" rel=""nofollow"">Twitter for Android</a>","nan__babo",15,TRUE,FALSE,NA,NA
"103","급히 검색해보니까 닭고기에 미역국 끓여서 주는구나 오 신기해 ㅋㅋ",FALSE,0,"garnet0132",2017-05-26 12:06:14,FALSE,"868075668658991104","868075804747366400","746667940804583425","<a href=""http://twitter.com/download/android"" rel=""nofollow"">Twitter for Android</a>","garnet0132",0,FALSE,FALSE,NA,NA
"104","오늘의 밥: 미역국과 계란말이와 햄버거(낮에 버거킹에서 사온 1000원짜리 불고기버거)",FALSE,0,NA,2017-05-26 11:42:01,FALSE,NA,"868069710465646593",NA,"<a href=""https://about.twitter.com/products/tweetdeck"" rel=""nofollow"">TweetDeck</a>","Ul_Ekk",0,FALSE,FALSE,NA,NA
"105","아악 룸메언니 렌지 좀 잘 써주면 안되나악 미역국 먹으려고 부엌와있는데 뭔 매운소스??같은거 렌지에 덕지덕지 묻어있어ㅋㅋㅋㅋㅋㅋㅋㅋㅋㅋㅋㅋㅋ",FALSE,0,NA,2017-05-26 11:38:54,FALSE,NA,"868068926705377282",NA,"<a href=""http://twitter.com/download/android"" rel=""nofollow"">Twitter for Android</a>","oh0u0oh",0,FALSE,FALSE,NA,NA
"106","RT @yeon_pa_rang: 미역국 완성.김이 펄펄. https://t.co/npNDuN9TfU",FALSE,0,NA,2017-05-26 11:28:45,FALSE,NA,"868066373418622978",NA,"<a href=""http://twitter.com/download/android"" rel=""nofollow"">Twitter for Android</a>","nicole_CADwoman",1,TRUE,FALSE,NA,NA
"107","@sunm_06 미역국... 저... 저주받은 손.....",FALSE,0,"sunm_06",2017-05-26 11:27:34,FALSE,"868065961319964673","868066071630168064","779201000062066689","<a href=""http://twitter.com/download/android"" rel=""nofollow"">Twitter for Android</a>","o_n_u_u_n_o",0,FALSE,FALSE,NA,NA
"108","@o_n_u_u_n_o ㅇㅔ구니임,,,; 아냐 괜찮ㅇㅏ 미역국이라도 끓이는 선택지가 하나 남앗어 아니면 뭐 받고 싶은지 물어보고 고민하다가 결국에 준비못햇다해",FALSE,0,"o_n_u_u_n_o",2017-05-26 11:27:07,FALSE,"868065715500195840","868065961319964673","3888109100","<a href=""http://twitter.com/download/android"" rel=""nofollow"">Twitter for Android</a>","sunm_06",0,FALSE,FALSE,NA,NA
"109","@SJlove____ 미예는 누구야...미역국쫀맛!",FALSE,0,"SJlove____",2017-05-26 11:22:08,FALSE,"868063275816071168","868064705880834049","824072360030416897","<a href=""http://twitter.com/download/android"" rel=""nofollow"">Twitter for Android</a>","university990",0,FALSE,FALSE,NA,NA
"110","디디에게 영정사진으로 쓸 그림을 부탁하였는데 미역을 그려주었단다 
미역국은 고기를 넣은 것이 더 좋지...허지만 미역 무침은 싫단다... 오래오래 살자꾸나 디디",FALSE,0,NA,2017-05-26 11:18:17,FALSE,NA,"868063735457357825",NA,"<a href=""http://twittbot.net/"" rel=""nofollow"">twittbot.net</a>","BIGddoing",0,FALSE,FALSE,NA,NA
"111","미엮국 먹고왓따
미역국에 소고기 넣을생ㅇ각 한사람 노벯평화상 줘야함",FALSE,0,NA,2017-05-26 11:16:05,FALSE,NA,"868063184527044608",NA,"<a href=""http://twitter.com"" rel=""nofollow"">Twitter Web Client</a>","SJlove____",0,FALSE,FALSE,NA,NA
"112","낼 엄마 생신이라 소고기삿따 이따 미역국 끓여노쿠 자야지",FALSE,0,NA,2017-05-26 11:02:04,FALSE,NA,"868059654995066880",NA,"<a href=""http://twitter.com/download/android"" rel=""nofollow"">Twitter for Android</a>","snwdll",0,FALSE,FALSE,NA,NA
"113","#주쉽_3주년_축하드려요

미친 주쉽 3주년ㄴ ,,, ? 미역국ㄱ작가님 주우쉽 이랑 엥레 너모 캐릭ㄱ예쁘고
( 광광울어벌힘 ㅠㅠㅠㅠㅠㅠㅠ 내 최애가득한 장르 벌써 3주년 ㅠㅠㅠ
주우쉽 치인분들 모두 천국가자",FALSE,0,NA,2017-05-26 11:01:30,FALSE,NA,"868059514737532928",NA,"<a href=""http://twitter.com/download/android"" rel=""nofollow"">Twitter for Android</a>","Routine217",0,FALSE,FALSE,NA,NA
"114","3대 핵폐기물이라닠ㅋㅋㄱㅋㄱㅋㄱㅋㅋㄱ
건강주스 미역국 20개혼합음료..",FALSE,0,NA,2017-05-26 10:50:25,FALSE,NA,"868056725701525504",NA,"<a href=""http://twitter.com/download/android"" rel=""nofollow"">Twitter for Android</a>","INGMIM4931",0,FALSE,FALSE,NA,NA
"115","저녁먹기싫다 뭔 매주에 한번씩 미역국을끙ㅎ여 동생이랑 아빠 생일 은 일주일 차이라서 아무 생각 없는데 한달 내내 미역국만먿고진짜",FALSE,0,NA,2017-05-26 10:44:32,FALSE,NA,"868055243753308160",NA,"<a href=""http://twitter.com/download/iphone"" rel=""nofollow"">Twitter for iPhone</a>","wls583tr",0,FALSE,FALSE,NA,NA
"116","#주쉽_3주년_축하드려요
뭐 벌써 3주년이야?!?!!?!?!?!?!?!?!?!?!?!?!?!?!?!?!?!?!?!!??!?!!(띠용 오천사백칠십억개) 허걱헉 미역국작가님 넘넘축하드려욧(덩기덕 쿵덕",FALSE,4,NA,2017-05-26 10:44:14,FALSE,NA,"868055169216413696",NA,"<a href=""http://twitter.com/download/android"" rel=""nofollow"">Twitter for Android</a>","blueta12",0,FALSE,FALSE,NA,NA
"117","RT @ohmygirl_Chef: 진짜 우리 엄마밖에 없다..
사장님이 어떻게 알았는고 하니
아침에 미역국 못 먹이고 나왔다고
사장님한테 전화해서 애 생일이라서
미역국 좀 끓여달라고 전화하신거래..",FALSE,0,NA,2017-05-26 10:43:21,FALSE,NA,"868054945756577792",NA,"<a href=""http://twitter.com/download/android"" rel=""nofollow"">Twitter for Android</a>","SummerRegista",15,TRUE,FALSE,NA,NA
"118","체온조절이 안되니 춥다.. 뜨끈한 청국장에 잡곡밥 먹고싶다.. 조개넣은 아욱국.. 굴넣은 냉이국.. 소고기무국.. 소고기미역국.. 부대찌개에 라면사리..  완탕면.. 도가니 넣은 쌀국수.. 똠양꿍.. 삼계탕.. 호박이랑 두부 많이 넣은 된장찌개..",FALSE,0,NA,2017-05-26 10:42:04,FALSE,NA,"868054624044843008",NA,"<a href=""http://twitter.com/download/android"" rel=""nofollow"">Twitter for Android</a>","sheercarrot",0,FALSE,FALSE,NA,NA
"119","생일이니까 저녁은 미역국이겠죠! &gt;&lt;
* 슈슈님께서 나이 +1 올리셨습니다 ㅠㅠ https://t.co/HEmWa9A1Pl",FALSE,4,NA,2017-05-26 10:27:57,FALSE,NA,"868051069862948864",NA,"<a href=""http://twitter.com/download/android"" rel=""nofollow"">Twitter for Android</a>","Light_Lss",0,FALSE,FALSE,NA,NA
"120","RT @ohmygirl_Chef: 진짜 우리 엄마밖에 없다..
사장님이 어떻게 알았는고 하니
아침에 미역국 못 먹이고 나왔다고
사장님한테 전화해서 애 생일이라서
미역국 좀 끓여달라고 전화하신거래..",FALSE,0,NA,2017-05-26 10:27:13,FALSE,NA,"868050885175148546",NA,"<a href=""http://twitter.com/download/android"" rel=""nofollow"">Twitter for Android</a>","prayer0088",15,TRUE,FALSE,NA,NA
"121","RT @ohmygirl_Chef: 진짜 우리 엄마밖에 없다..
사장님이 어떻게 알았는고 하니
아침에 미역국 못 먹이고 나왔다고
사장님한테 전화해서 애 생일이라서
미역국 좀 끓여달라고 전화하신거래..",FALSE,0,NA,2017-05-26 10:18:33,FALSE,NA,"868048704032223234",NA,"<a href=""http://twitter.com/download/iphone"" rel=""nofollow"">Twitter for iPhone</a>","iluvOHMYGIRL",15,TRUE,FALSE,NA,NA
"122","RT @ohmygirl_Chef: 진짜 우리 엄마밖에 없다..
사장님이 어떻게 알았는고 하니
아침에 미역국 못 먹이고 나왔다고
사장님한테 전화해서 애 생일이라서
미역국 좀 끓여달라고 전화하신거래..",FALSE,0,NA,2017-05-26 10:18:19,FALSE,NA,"868048647480422404",NA,"<a href=""http://twitter.com/download/iphone"" rel=""nofollow"">Twitter for iPhone</a>","ibosip",15,TRUE,FALSE,NA,NA
"123","RT @ohmygirl_Chef: 진짜 우리 엄마밖에 없다..
사장님이 어떻게 알았는고 하니
아침에 미역국 못 먹이고 나왔다고
사장님한테 전화해서 애 생일이라서
미역국 좀 끓여달라고 전화하신거래..",FALSE,0,NA,2017-05-26 10:17:10,FALSE,NA,"868048356936777728",NA,"<a href=""http://twitter.com/download/android"" rel=""nofollow"">Twitter for Android</a>","_990618_",15,TRUE,FALSE,NA,NA
"124","진짜 우리 엄마밖에 없다..
사장님이 어떻게 알았는고 하니
아침에 미역국 못 먹이고 나왔다고
사장님한테 전화해서 애 생일이라서
미역국 좀 끓여달라고 전화하신거래..",FALSE,10,NA,2017-05-26 10:16:49,FALSE,NA,"868048269250666496",NA,"<a href=""http://twitter.com/download/android"" rel=""nofollow"">Twitter for Android</a>","ohmygirl_Chef",15,FALSE,FALSE,NA,NA
"125","엄마 생일 미역국 끓였당 https://t.co/YHQCTppxqH",FALSE,2,NA,2017-05-26 10:15:16,FALSE,NA,"868047878119239680",NA,"<a href=""http://twitter.com/download/android"" rel=""nofollow"">Twitter for Android</a>","mizzlepam",0,FALSE,FALSE,NA,NA
"126","미역국 완성.김이 펄펄. https://t.co/npNDuN9TfU",FALSE,0,"yeon_pa_rang",2017-05-26 10:14:28,FALSE,"868045468911099904","868047675958018048","3267331536","<a href=""http://twitter.com/download/android"" rel=""nofollow"">Twitter for Android</a>","yeon_pa_rang",1,FALSE,FALSE,NA,NA
"127","@ninzamandu 맛키~~~~~ <U+0669>( <U+141B> )<U+0648> 념념 미역국 먹고서 맛있다고 활짝 웃고 설거지를 하겟져 이와쨩... 후후 노는 건 내가 허락하지 않는다(?",FALSE,0,"ninzamandu",2017-05-26 10:09:11,FALSE,"868045960991064066","868046346594304000","172224384","<a href=""http://twitter.com/download/iphone"" rel=""nofollow"">Twitter for iPhone</a>","jin_james1",0,FALSE,FALSE,NA,NA
"128","@redem_comu 저는 개인적으로 소고기가 더 깔끔해서 소고기 넣거나 홍합 넣는걸 좋아하는데 오랜만에 돼지고기 넣은 미역국도 먹고싶어지네요",FALSE,0,"redem_comu",2017-05-26 10:02:04,FALSE,"868044095360442369","868044558243840003","3281225196","<a href=""http://twitter.com/download/android"" rel=""nofollow"">Twitter for Android</a>","EyoBim",0,FALSE,FALSE,NA,NA
"129","내 미역국에 다진마늘이 너무 많아서 뱀파이어가 얼씬도 안하겠다",FALSE,0,NA,2017-05-26 09:53:41,FALSE,NA,"868042449049985026",NA,"<a href=""http://twitter.com/download/iphone"" rel=""nofollow"">Twitter for iPhone</a>","judydurdur",0,FALSE,FALSE,NA,NA
"130","미역국(돼지고기+마늘+고추+미역+간장)
반찬(멸치볶음+우엉볶음+깎두기+오이절임+미역줄기+열무김치+아보카도)
새우튀김
요구르트
쥬스
푸딩
사과랑 파인애플 https://t.co/Y275w76Ivv",FALSE,0,NA,2017-05-26 09:52:31,FALSE,NA,"868042155410956289",NA,"<a href=""http://twitter.com/download/android"" rel=""nofollow"">Twitter for Android</a>","tabetai_cs",2,FALSE,FALSE,NA,NA
"131","@ 미역죽 <ed><U+00A0><U+00BC><ed><U+00BF><U+00A0>
미역죽 넘 먹고 싶어서 엄마한테 미역국 끓여달라 했는데 막상 국으로 죽 끓이는 법 몰라서 또 전화해서 찡찡댐 (엄마 미안) 그치만 성공했고 나는 너무 행복하다 ... 다음에는 물 조금만 넣기 https://t.co/RKv9lWmayo",FALSE,2,NA,2017-05-26 09:50:19,FALSE,NA,"868041598642176000",NA,"<a href=""http://twitter.com/download/android"" rel=""nofollow"">Twitter for Android</a>","loDO_ORck",0,FALSE,FALSE,NA,NA
"132","미역국 먹는 이와쨩... 덜 짤린 미역 후루룩 먹을 거야... 그러면 미역국 끓여준 건 누구지…?(옆눈",FALSE,2,NA,2017-05-26 09:47:31,FALSE,NA,"868040896234659840",NA,"<a href=""http://twitter.com/download/iphone"" rel=""nofollow"">Twitter for iPhone</a>","jin_james1",0,FALSE,FALSE,NA,NA
"133","미역국 맛있어...멱국...미욕",FALSE,0,NA,2017-05-26 09:47:04,FALSE,NA,"868040781130416129",NA,"<a href=""http://twitter.com/download/iphone"" rel=""nofollow"">Twitter for iPhone</a>","jin_james1",0,FALSE,FALSE,NA,NA
"134","미역국 너무조아~~~~~~!!!",FALSE,0,NA,2017-05-26 09:45:30,FALSE,NA,"868040388199698433",NA,"<a href=""http://twitter.com/download/android"" rel=""nofollow"">Twitter for Android</a>","wwlwwlwhdk_yes",0,FALSE,FALSE,NA,NA
"135","아침 : 토마토쥬스 한잔
점심 : 미역국 +땅콩한줌
저녁 : 토달토달 + 허브솔트
수술 경과가 안좋단다.. 피부야 좀만 더 힘내줘..! https://t.co/GgM7FCXduN",FALSE,0,NA,2017-05-26 09:40:01,FALSE,NA,"868039005807427584",NA,"<a href=""http://twitter.com/download/iphone"" rel=""nofollow"">Twitter for iPhone</a>","Byulzzii",0,FALSE,FALSE,NA,NA
"136","나만 몰랐나 하튼 엄청 신기함 내가 미역국 좋아하기도 하고 ㅋㅋㅋ https://t.co/YEJifApWQm",FALSE,0,"hayanee3",2017-05-26 09:39:31,FALSE,"868038157505241089","868038884055068672","723539116407689216","<a href=""http://twitter.com/download/iphone"" rel=""nofollow"">Twitter for iPhone</a>","hayanee3",0,FALSE,FALSE,NA,NA
"137","RT @BTS_twt: 미역국 감사합니다.. #원샷했어요 https://t.co/e3DEMKE3k9",FALSE,0,NA,2017-05-26 09:37:44,FALSE,NA,"868038433335267328",NA,"<a href=""http://twitter.com/download/android"" rel=""nofollow"">Twitter for Android</a>","VEERINGTEETA",52996,TRUE,FALSE,NA,NA
"138","내가 최근 들은것중 쇼킹했던 얘기 

우리나라에서 애낳고 미역국 먹는 이유가 울산등지에서 고래잡던 사람들이 고래가 애낳고 해초 먹는거 보고 야 고래가 똑똑하니까 뭔가 이유가 있겠지하면서 우리도 먹자! 이렇게 시작된거라고 했던거 ㅋㅋㅋㅋㅋ",FALSE,0,NA,2017-05-26 09:36:38,FALSE,NA,"868038157505241089",NA,"<a href=""http://twitter.com/download/iphone"" rel=""nofollow"">Twitter for iPhone</a>","hayanee3",0,FALSE,FALSE,NA,NA
"139","밥을먹자 오늘저녁밥은 미역국컵밥에 도시락라면!",FALSE,0,NA,2017-05-26 09:33:56,FALSE,NA,"868037477797199872",NA,"<a href=""http://twitter.com"" rel=""nofollow"">Twitter Web Client</a>","Lips_pooo",0,FALSE,FALSE,NA,NA
"140","바람 부는 날은 역시 미역국!",FALSE,0,NA,2017-05-26 09:13:43,FALSE,NA,"868032389531877376",NA,"<a href=""http://twitter.com/download/android"" rel=""nofollow"">Twitter for Android</a>","SilvaUndique",0,FALSE,FALSE,NA,NA
"141","아 생일때 본가 다녀올까....
케익은 회사서 줄거고... 미역국 끓이기 귀찮기도하고.. 아버지한테 줄 선물 택배로 보내는것도 귀찮은데..",FALSE,0,NA,2017-05-26 09:06:32,FALSE,NA,"868030579492536321",NA,"<a href=""http://twitter.com/download/iphone"" rel=""nofollow"">Twitter for iPhone</a>","michin_cos",0,FALSE,FALSE,NA,NA
"142","@ATM06_RBW 내가 가야지 그게 맞지... 비척비척 일어나는데 밥은 먹고가래.. 무슨 소린가 했는데 밥했대... 근데 그 덥힌 고추참치 ㅋㅋ 랑 다 터진 계란 후라이에 편의점 미역국... 넘 우울한데… https://t.co/of2UG6j1bP",FALSE,0,"ATM06_RBW_",2017-05-26 08:53:37,TRUE,"868026553761808384","868027328877613056","863049016895971328","<a href=""http://twitter.com/download/android"" rel=""nofollow"">Twitter for Android</a>","_Sincero_a_R",0,FALSE,FALSE,NA,NA
"143","제주정지 성계 미역국 아침식사되는 곳 https://t.co/gQ3dmbPRL1",FALSE,0,NA,2017-05-26 08:53:11,FALSE,NA,"868027221679644672",NA,"<a href=""http://www.naver.com"" rel=""nofollow"">Naver</a>","tron1981",0,FALSE,FALSE,NA,NA
"144","RT @BTS_twt: 이제야 올리지만 ㅋㅋ 진형 진심으로 생일 축하해요 . 형님 제가 미역국 끓여준거 잊으면 아니아니 아니되옵니다.물론... 겁역국이지만 ㅋㅋ 히히히 생일 많이 많이 축하해요~~ #진형생일ㅊㅋ http://t.co/KGHCbZ27aP",FALSE,0,NA,2017-05-26 08:42:07,FALSE,NA,"868024436460445696",NA,"<a href=""http://twitter.com"" rel=""nofollow"">Twitter Web Client</a>","jiniebabo0412",8490,TRUE,FALSE,NA,NA
"145","@mdk_prvc 맞아 돈 많아져서 미역국에도 고기넣고 살치살 구워서 밥반찬으로 흰 쌀밥에 올려먹고 싶다",FALSE,1,"mdk_prvc",2017-05-26 08:24:26,FALSE,"868019791436455936","868019985469276161","786413706565476352","<a href=""http://twitter.com/download/android"" rel=""nofollow"">Twitter for Android</a>","bismillah1975",0,FALSE,FALSE,NA,NA
"146","미역국엔 소고기죠",FALSE,0,NA,2017-05-26 08:21:13,FALSE,NA,"868019177298083840",NA,"<a href=""http://twitter.com/download/android"" rel=""nofollow"">Twitter for Android</a>","mdk_prvc",0,FALSE,FALSE,NA,NA
"147","RT @s00zip: 감자야 소고기들어간미역국이좋니 조개들어간미역국이좋니.....",FALSE,0,NA,2017-05-26 08:19:19,FALSE,NA,"868018699625562112",NA,"<a href=""https://mobile.twitter.com"" rel=""nofollow"">Twitter Lite</a>","cds060",1,TRUE,FALSE,NA,NA
"148","@s00zip 감자미역국..!",FALSE,0,"s00zip",2017-05-26 08:18:54,FALSE,"868018477004603392","868018593950162944","856022745477373952","<a href=""http://twitter.com/download/iphone"" rel=""nofollow"">Twitter for iPhone</a>","ojipeace_",0,FALSE,FALSE,NA,NA
"149","감자야 소고기들어간미역국이좋니 조개들어간미역국이좋니.....",FALSE,0,NA,2017-05-26 08:18:26,FALSE,NA,"868018477004603392",NA,"<a href=""http://twitter.com/download/android"" rel=""nofollow"">Twitter for Android</a>","s00zip",1,FALSE,FALSE,NA,NA
"150","RT @grape4green: 느이 집 사니와는 너 같은 걸 단도할 때 제작패를 썼대ㅎ?(너희 어머님이 너를 낳으시고 미역국을 드셨니?)",FALSE,0,NA,2017-05-26 08:17:35,FALSE,NA,"868018263120162816",NA,"<a href=""http://twitter.com/download/android"" rel=""nofollow"">Twitter for Android</a>","wlzlf65",38,TRUE,FALSE,NA,NA
"151","[강남구/논현동/언주로/강남구청역] 고향집 : 미역국, 수육보쌈, 청국장, 만두국 https://t.co/pEJbopMBlA",FALSE,0,NA,2017-05-26 08:17:33,FALSE,NA,"868018255444627457",NA,"<a href=""https://dlvrit.com/"" rel=""nofollow"">dlvr.it</a>","scoop_food",0,FALSE,FALSE,NA,NA
"152","삼겹살에,, 소주,, 낙곱새에,, 소주,, 다시마에 젓갈,, 양배추쌈,,,, 된장찌개,,, 김치찌개,,, 미역국,, 잡곡밥,,, 먹고,,싶다,,, ^_____^ 오늘은… https://t.co/yv2dofnz9I",FALSE,0,NA,2017-05-26 08:07:39,FALSE,NA,"868015764099522561",NA,"<a href=""http://instagram.com"" rel=""nofollow"">Instagram</a>","Picnictosky",0,FALSE,FALSE,"-0.16959","51.48712"
"153","RT @rhdwnfla: 동거하는 츄챙 츄가 챙 생일이라고 미역국 끓여줫는대 챙이 데박 막없어서 한 숟가락 먹고 다른 반찬으로 손 자주 가니간 쪼끔 삐친 츄 자기 미역국 맛 한 번보고 바로 납득해서 야야야ㅑㅇ 먹지마 맛없다 하구 버리는데 아라ㅏㅇ아니…",FALSE,0,NA,2017-05-26 08:02:58,FALSE,NA,"868014582824001538",NA,"<a href=""http://twitter.com/download/android"" rel=""nofollow"">Twitter for Android</a>","BLPES_RT",2,TRUE,FALSE,NA,NA
"154","RT @BTS_twt: 진인데여
생일엔 미역국이죠 http://t.co/GHlX6iImIh",FALSE,0,NA,2017-05-26 07:58:03,FALSE,NA,"868013347043655680",NA,"<a href=""http://twitter.com"" rel=""nofollow"">Twitter Web Client</a>","jiniebabo0412",2838,TRUE,FALSE,NA,NA
"155","현대에유 신동신 생일 같으니까 1월 7일에 동죽이가 미역국끓이고있는게 보고싶다ㅠㅠㅜㅠㅡㅠ 고구마앞치마 두르고 진지한 표정으로 미역국 끓이는ㄷㅔ 맛이 미묘해서 소금도 넣고 간장도 넣고 후추도 넣고 설탕..도 넣고 이거저거 넣고 망해버리는거..",FALSE,6,NA,2017-05-26 07:54:37,FALSE,NA,"868012484388466689",NA,"<a href=""http://twitter.com"" rel=""nofollow"">Twitter Web Client</a>","som__sum",1,FALSE,FALSE,NA,NA
"156","RT @som__sum: 동죽이가 내 생일날 미역 손질해서 미역국 끓여주면 운석을 갈아넣은 맛이어도 ㅂ반드시 다 먹는다",FALSE,0,NA,2017-05-26 07:37:34,FALSE,NA,"868008191409258497",NA,"<a href=""http://twitter.com/download/android"" rel=""nofollow"">Twitter for Android</a>","DgqmLJ1w76SIWBF",1,TRUE,FALSE,NA,NA
"157","동죽이가 내 생일날 미역 손질해서 미역국 끓여주면 운석을 갈아넣은 맛이어도 ㅂ반드시 다 먹는다",FALSE,6,NA,2017-05-26 07:35:14,FALSE,NA,"868007603141459968",NA,"<a href=""http://twitter.com"" rel=""nofollow"">Twitter Web Client</a>","som__sum",1,FALSE,FALSE,NA,NA
"158","RT @WM_OHMYGIRL: #비니 #요리왕 #정성 #진짜맛있닷<ed><U+00A0><U+00BD><ed><U+00B1><U+008D><ed><U+00A0><U+00BC><ed><U+00BF><U+00BC> #고마웡 #두그릇

비니얍!! 고마웡!!
진짜 맛있었어...!<ed><U+00A0><U+00BD><ed><U+00B8><U+008D>

클잉들!! 비니가 직접 만들어준 미역국이에요!!
진짜 맛있었어 빈아!! 고마워...!
사룽햇<U+2764>

언니 배불러. 못…",FALSE,0,NA,2017-05-26 07:31:35,FALSE,NA,"868006687998853120",NA,"<a href=""http://twitter.com/download/android"" rel=""nofollow"">Twitter for Android</a>","OMG8_YooA",930,TRUE,FALSE,NA,NA
"159","미역국 끓여야하는데 귀찮어....(후비쟉",FALSE,3,NA,2017-05-26 07:27:02,FALSE,NA,"868005543058620416",NA,"<a href=""http://twitter.com/download/iphone"" rel=""nofollow"">Twitter for iPhone</a>","judydurdur",0,FALSE,FALSE,NA,NA
"160","[강남구/논현동/언주로/강남구청역] 고향집 : 미역국, 수육보쌈, 청국장, 만두국 https://t.co/nh6CCtwcvr",FALSE,0,NA,2017-05-26 07:03:43,FALSE,NA,"867999672039751681",NA,"<a href=""http://www.naver.com"" rel=""nofollow"">Naver</a>","disse77",0,FALSE,FALSE,NA,NA
"161","RT @Bae_990525: 성연이 멤버들이랑 파티는 했니? 미역국은 먹었으려나,, 생일 정말 축하하고 <ed><U+00A0><U+00BC><ed><U+00BE><U+0089> 맛난거 많이 먹고 즐겁게 보내<U+2763><U+FE0F>
#Happy_SungYeon_Day https://t.co/46kYWOy14M",FALSE,0,NA,2017-05-26 06:59:14,FALSE,NA,"867998545332191232",NA,"<a href=""http://twitter.com/download/iphone"" rel=""nofollow"">Twitter for iPhone</a>","royalsjunior",25,TRUE,FALSE,NA,NA
"162","미역국.. 만들어야지..",FALSE,0,NA,2017-05-26 06:42:24,FALSE,NA,"867994309378719744",NA,"<a href=""https://about.twitter.com/products/tweetdeck"" rel=""nofollow"">TweetDeck</a>","hyeon_sazang",0,FALSE,FALSE,NA,NA
"163","@mf_dice @StudioG_MINe 미역국ㄴㄴ 매생이국임ㅋㅋㅋㅋㅋㅋ",FALSE,0,"mf_dice",2017-05-26 06:37:32,FALSE,"867992920111984641","867993085594148866","109189449","<a href=""http://twitter.com"" rel=""nofollow"">Twitter Web Client</a>","Yi__mo",0,FALSE,FALSE,NA,NA
"164","@StudioG_MINe @Yi__mo 밥대신 석촌호수가 미역국이다 생각하고...",FALSE,0,"StudioG_MINe",2017-05-26 06:36:53,FALSE,"867992565097807872","867992920111984641","1469296808","<a href=""https://about.twitter.com/products/tweetdeck"" rel=""nofollow"">TweetDeck</a>","mf_dice",0,FALSE,FALSE,NA,NA
"165","자기는 딸 없는 게 너무 슬프대,,, 며느리가 생일날 미역국도 안 끓여주는 거 욕하시는데 저보고 어저라고요,,,",FALSE,1,"anotherwworld",2017-05-26 05:57:46,FALSE,"867982770894548993","867983078773276676","798875778276433920","<a href=""http://twitter.com/download/iphone"" rel=""nofollow"">Twitter for iPhone</a>","anotherwworld",0,FALSE,FALSE,NA,NA
"166","@elsion4952 아니근데 생각보다 맛있어 진짜야 구라아님 진짜로 시지마 고우 생일상 걸고 내가 만약 구라치는거면 고우 생일날에 소고기도 해물도 안들어간 쌩 미역국만 먹어야 됨",FALSE,0,"elsion4952",2017-05-26 05:52:24,FALSE,"867981042266677250","867981726353469440","756316494603046917","<a href=""http://twitter.com/download/android"" rel=""nofollow"">Twitter for Android</a>","subete_korosu_",0,FALSE,FALSE,NA,NA
"167","기장에 있는 국보 미역국 꼭 가보세요들 존맛<ed><U+00A0><U+00BD><ed><U+00B2><U+0098>진짜루,,,, https://t.co/YWYA7E1cxr",FALSE,0,NA,2017-05-26 05:47:34,FALSE,NA,"867980511301427206",NA,"<a href=""http://twitter.com/download/iphone"" rel=""nofollow"">Twitter for iPhone</a>","Lo3Fc",0,FALSE,FALSE,NA,NA
"168","@ISH_9n ㅋㅋㅋㅋㅋㅋㅋㅋㅋㅋㅋㅋㅋ휴 오타 무시해드려야겟다 .... 아니 미역국 봤는데 미역 없고 멸치만 겁나 있는 거 아니예요?!! ㅋㅋㅋㅋㅋ 먹고 아진이 키 더 커버려~!ㅋㅋㅋㅋㅋㅋㅋㅋ진심 저히 둘 다 커뮤 들어간 거 후회하면서 매일 울곸ㅋㅋㅋ",FALSE,0,"ISH_9n",2017-05-26 05:14:39,FALSE,"867639441837273089","867972227966181376","2894538344","<a href=""http://twitter.com/download/iphone"" rel=""nofollow"">Twitter for iPhone</a>","qkr9756",0,FALSE,FALSE,NA,NA
"169","20170526 금요일 점심 13:57 밥 호박전 불고기 달걀후라이 미역국 https://t.co/H9gJrHCRfj",FALSE,0,NA,2017-05-26 04:58:09,FALSE,NA,"867968075768897536",NA,"<a href=""http://twitter.com/download/android"" rel=""nofollow"">Twitter for Android</a>","what_i_eat_pics",0,FALSE,FALSE,NA,NA
"170","@q_dipx 헐 미역국 갈비 고등어 ㅠㅠㅠㅠㅠ 감자탕이 아니네 ㅠㅠ 넘 맛있겠다 흑흑흑",FALSE,2,"q_dipx",2017-05-26 04:45:21,FALSE,"867961516372369408","867964853129850881","726749656705732608","<a href=""http://twitter.com/download/iphone"" rel=""nofollow"">Twitter for iPhone</a>","caskettCB",0,FALSE,FALSE,NA,NA
"171","저녁엔 미역국 해먹을거당 ^ㅅ^ 후후하핫",FALSE,0,NA,2017-05-26 04:35:48,FALSE,NA,"867962451064639489",NA,"<a href=""http://twitter.com/download/android"" rel=""nofollow"">Twitter for Android</a>","worker_her",0,FALSE,FALSE,NA,NA
"172","미세먼지엔 삼겹살보다는 미역국이 좋다네요. 삼겹살은 오히려 안좋을수도 있다네요 https://t.co/RJdx0Z8TWP",FALSE,0,NA,2017-05-26 04:28:40,FALSE,NA,"867960655030042624",NA,"<a href=""http://twitter.com"" rel=""nofollow"">Twitter Web Client</a>","fullhousestory",0,FALSE,FALSE,NA,NA
"173","그러니까 나는 원래 미역국이 힐링푸드인 사람 + 찐감자 웨지감자 가리지않고 다 좋아하고 + 아삭아삭 생오이 지금도 먹고 있고 + 마카롱은 늘 보이는 곳에 두고 있는, 그런 사람 ㅎㅎ

이게 왜 웃긴지 아는 당신, 내일 또 같은곳에서 만나겠군요^^",FALSE,7,NA,2017-05-26 04:20:32,FALSE,NA,"867958605290496000",NA,"<a href=""http://twitter.com/download/iphone"" rel=""nofollow"">Twitter for iPhone</a>","November1004",0,FALSE,FALSE,NA,NA
"174","미역국 젖은 수박 존맛",FALSE,2,NA,2017-05-26 04:19:29,FALSE,NA,"867958342701826049",NA,"<a href=""http://twitter.com/download/android"" rel=""nofollow"">Twitter for Android</a>","_play704",0,FALSE,FALSE,NA,NA
"175","크 오늘미역국못먹은 나란뇨자",FALSE,0,NA,2017-05-26 04:04:46,FALSE,NA,"867954640427536385",NA,"<a href=""http://twitter.com/download/android"" rel=""nofollow"">Twitter for Android</a>","arimios",0,FALSE,FALSE,NA,NA
"176","난 조개미역국이 싫어....",FALSE,0,NA,2017-05-26 04:00:31,FALSE,NA,"867953570422771712",NA,"<a href=""http://twitter.com/download/android"" rel=""nofollow"">Twitter for Android</a>","qweasd_2468",0,FALSE,FALSE,NA,NA
"177","RT @bokssunga: 다음주엔 미역국 끓여먹어야지 미역국 조아 미역국 사랑해 미역 미역 미여어러억",FALSE,0,NA,2017-05-26 04:00:20,FALSE,NA,"867953524922908673",NA,"<a href=""http://twitter.com/download/android"" rel=""nofollow"">Twitter for Android</a>","18senti18",3,TRUE,FALSE,NA,NA
"178","정성이 가득 담긴 엄마 밥상.
미역국에 고등어구이 꿀꺽.
오징어와 각종 채소도 음미했다 #집밥 https://t.co/zMH4MYkoMq",FALSE,0,NA,2017-05-26 03:51:07,FALSE,NA,"867951204151644160",NA,"<a href=""http://twitter.com/download/iphone"" rel=""nofollow"">Twitter for iPhone</a>","DrHaHaHa",0,FALSE,FALSE,NA,NA
"179","아들새끼는 커서 뭐가되려고 저러는지 모르겠다. 아오, 내가 저걸 낳고 미역국을 먹었나?",FALSE,0,NA,2017-05-26 03:49:01,FALSE,NA,"867950674566238208",NA,"<a href=""http://twittbot.net/"" rel=""nofollow"">twittbot.net</a>","DesignM133",0,FALSE,FALSE,NA,NA
"180","RT @bokssunga: 다음주엔 미역국 끓여먹어야지 미역국 조아 미역국 사랑해 미역 미역 미여어러억",FALSE,0,NA,2017-05-26 03:45:56,FALSE,NA,"867949900679401472",NA,"<a href=""http://twitter.com/download/android"" rel=""nofollow"">Twitter for Android</a>","kym9021",3,TRUE,FALSE,NA,NA
"181","RT @sogwol: 미역국 끓여서 밥먹였다.  남편이 자기 생일은 이틀전 월요일이었다 하더라... https://t.co/IeqDgpqDzU",FALSE,0,NA,2017-05-26 03:45:05,FALSE,NA,"867949685847203840",NA,"<a href=""http://twitter.com/download/iphone"" rel=""nofollow"">Twitter for iPhone</a>","takeoff0301",11,TRUE,FALSE,NA,NA
"182","RT @BTS_twt: 미역국 감사합니다.. #원샷했어요 https://t.co/e3DEMKE3k9",FALSE,0,NA,2017-05-26 03:43:53,FALSE,NA,"867949385379848193",NA,"<a href=""http://twitter.com/download/android"" rel=""nofollow"">Twitter for Android</a>","maipavika",52996,TRUE,FALSE,NA,NA
"183","RT @bokssunga: 다음주엔 미역국 끓여먹어야지 미역국 조아 미역국 사랑해 미역 미역 미여어러억",FALSE,0,NA,2017-05-26 03:37:48,FALSE,NA,"867947852084920320",NA,"<a href=""http://twitter.com/download/android"" rel=""nofollow"">Twitter for Android</a>","msgmasisso",3,TRUE,FALSE,NA,NA
"184","@feathers7863 미역국만으로도 감사해하다니!",FALSE,0,"feathers7863",2017-05-26 03:35:52,FALSE,"867947061961871361","867947365247852544","712941619016638464","<a href=""http://twitter.com/download/android"" rel=""nofollow"">Twitter for Android</a>","Hime_yu_ki",0,FALSE,FALSE,NA,NA
"185","@feathers7863 에잉 짬밥으로 매일 미역국에 밥만 나와라!",FALSE,0,"feathers7863",2017-05-26 03:32:26,FALSE,"867946285105430528","867946500881432576","712941619016638464","<a href=""http://twitter.com/download/android"" rel=""nofollow"">Twitter for Android</a>","Hime_yu_ki",0,FALSE,FALSE,NA,NA
"186","같이사는 친구도 학원에있느라 새벽 12시쯤에오니깐.. 나는 학원가기싫고.. 학교끝나고 집에서 혼자 미역국해먹어야지..",FALSE,0,NA,2017-05-26 03:16:33,FALSE,NA,"867942503218954241",NA,"<a href=""http://twitter.com/download/iphone"" rel=""nofollow"">Twitter for iPhone</a>","Linda_of_EZ",0,FALSE,FALSE,NA,NA
"187","@RaonGaon 생일이시구낭 축하드려요 <ed><U+00A0><U+00BC><ed><U+00BE><U+0089> 미역국 마니 드세용",FALSE,0,"RaonGaon",2017-05-26 03:12:15,FALSE,NA,"867941422204239873","390095447","<a href=""http://twitter.com/download/iphone"" rel=""nofollow"">Twitter for iPhone</a>","HY__2222",0,FALSE,FALSE,NA,NA
"188","……이 미역국, 일부러 가져다 놓은 거 맞지?",FALSE,0,NA,2017-05-26 03:11:00,FALSE,NA,"867941109111992320",NA,"<a href=""http://twittbot.net/"" rel=""nofollow"">twittbot.net</a>","F_Yusuke_kr_bot",0,FALSE,FALSE,NA,NA
"189","얍 나는 오늘 생일이지롱
세시에 퇴근할거지롱
집에가꼬다!!!!!!!!
엄마가 미역국 끓일라했는데 단수래서 걍 나가서 머구꺼야",FALSE,1,NA,2017-05-26 03:06:02,FALSE,NA,"867939857842053120",NA,"<a href=""http://twitter.com/download/android"" rel=""nofollow"">Twitter for Android</a>","mongsil_1127",0,FALSE,FALSE,NA,NA
"190","다음주엔 미역국 끓여먹어야지 미역국 조아 미역국 사랑해 미역 미역 미여어러억",FALSE,0,NA,2017-05-26 03:04:08,FALSE,NA,"867939380387758081",NA,"<a href=""http://twitter.com/download/iphone"" rel=""nofollow"">Twitter for iPhone</a>","bokssunga",3,FALSE,FALSE,NA,NA
"191","RT @BTS_twt: 진형 생일 축하해요! 맛있는 미역국 만들어보도록 노력좀 해볼게요!
#진형생일ㅊㅋ http://t.co/Ydow3dLPiC",FALSE,0,NA,2017-05-26 02:45:10,FALSE,NA,"867934607685169152",NA,"<a href=""http://twitter.com/download/iphone"" rel=""nofollow"">Twitter for iPhone</a>","ChaimArmy97",16611,TRUE,FALSE,NA,NA
"192","RT @BTS_twt: 진형 생일 축하해요! 맛있는 미역국 만들어보도록 노력좀 해볼게요!
#진형생일ㅊㅋ http://t.co/Ydow3dLPiC",FALSE,0,NA,2017-05-26 02:42:47,FALSE,NA,"867934006943379456",NA,"<a href=""http://twitter.com/download/android"" rel=""nofollow"">Twitter for Android</a>","pkjimind",16611,TRUE,FALSE,NA,NA
"193","@morpr1667 그쵸 미역국을 제외한 모든음식에 파없으면 못하죠 ....",FALSE,0,"morpr1667",2017-05-26 02:34:41,FALSE,"867931824021938176","867931967978741760","1052475402","<a href=""http://twitter.com/download/android"" rel=""nofollow"">Twitter for Android</a>","mybe0503_cos_ph",0,FALSE,FALSE,NA,NA
"194","@mybe0503 김치볶음밥할때도 좋죠!! 참치나 양파 대파에 소금후추간하고 볶아먹어두 충분히맛있고 쇠고기무국 된장찌개 김치찌개 등 어떤국에도 빠질수없구(미역국 제외)",FALSE,0,"mybe0503_cos_ph",2017-05-26 02:34:06,FALSE,"867930952684650496","867931824021938176","1065309763","<a href=""http://twitter.com/download/android"" rel=""nofollow"">Twitter for Android</a>","morpr1667",0,FALSE,FALSE,NA,NA
"195","@ssssssanho ㅋㅋㅋ아뇨 흠 별로 안좋아하는데 왜ㅐ그러지 뭐지 왜 미역국이ㅈ지 내 학점이 미끄르르르르..? (손에 힘ㅁ쭉빠짐) 저 지금 이거 치면서 기분이 매우 나빠졌어요 .. .... ....... ......",FALSE,0,"ssssssanho",2017-05-26 02:27:56,FALSE,"867930042587725824","867930269105258498","865886098513248256","<a href=""http://www.twitter.com"" rel=""nofollow"">Twitter for Windows</a>","badanari_25",0,FALSE,FALSE,NA,NA
"196","@badanari_25 ㅋㅋㅋㅋㅋㅋㅋㅋㅋㅋㅋㅋ미역국꿈ㅋㅌㅋ
ㅋ
ㅋ
ㅋ
미역국조아하시나봐요.. 나리님..",FALSE,0,"badanari_25",2017-05-26 02:27:02,FALSE,"867929786013720576","867930042587725824","803826505952399360","<a href=""http://twitter.com/download/android"" rel=""nofollow"">Twitter for Android</a>","ssssssanho",0,FALSE,FALSE,NA,NA
"197","@ssssssanho 운ㄴ네 근데 엄마가 깨워서 재밌는꿈 꾸다가 꺴어요 히이잉 ㅠ 미역국꿈 꾸고있었는데..",FALSE,0,"ssssssanho",2017-05-26 02:26:00,FALSE,"867929499081388033","867929786013720576","865886098513248256","<a href=""http://www.twitter.com"" rel=""nofollow"">Twitter for Windows</a>","badanari_25",0,FALSE,FALSE,NA,NA
"198","@dobby_o3o 미역국인데...",FALSE,0,"dobby_o3o",2017-05-26 02:15:02,FALSE,"867926572539367424","867927023221526528","803279748784799744","<a href=""http://twitter.com/download/android"" rel=""nofollow"">Twitter for Android</a>","Chill_E_72",0,FALSE,FALSE,NA,NA
"199","RT @GaemGyu: 이제 삼일간 생일 서포터의 마지막!!차에서 자다가 입돌아갈뻔했는데 완전 따끈따끈한 미역국에 음식도 완전 최고^^ 고마워요!!
자  이제 서포터는 당분간 금지ㅋㅋㅋ http://t.co/DzlcppIE",FALSE,0,NA,2017-05-26 02:14:21,FALSE,NA,"867926851368263680",NA,"<a href=""http://twitter.com/download/android"" rel=""nofollow"">Twitter for Android</a>","eunsoo_kim23",29332,TRUE,FALSE,NA,NA
"200","아니... 왜 내가 끓이는 미역국이 왜이렇게 맛있지 엄마가 나에게 미역국끓이기 토스한게 이해될정도",FALSE,3,NA,2017-05-26 01:43:58,FALSE,NA,"867919204778889217",NA,"<a href=""http://twitter.com/download/android"" rel=""nofollow"">Twitter for Android</a>","som_solm",0,FALSE,FALSE,NA,NA
"201","★ 대학생 일상 ★
<ed><U+00A0><U+00BC><ed><U+00BD><U+00B0> 타지에서 생일을 맞은 친구를 위해 생일상 준비! 
뚝딱뚝딱~ 미역국, 감자볶음에 윤식당 소불고기까지 완성~<U+2764>
#글로벌현장학습 #호주 
#생일파티 https://t.co/vxUZyp44jZ",FALSE,0,NA,2017-05-26 01:38:45,FALSE,NA,"867917892662079489",NA,"<a href=""http://twitter.com"" rel=""nofollow"">Twitter Web Client</a>","ycst",0,FALSE,FALSE,NA,NA
"202","공띵분 미역국은 머것슬까",FALSE,3,NA,2017-05-26 01:25:22,FALSE,NA,"867914524275245056",NA,"<a href=""http://twitter.com/download/android"" rel=""nofollow"">Twitter for Android</a>","uzumeonzi",0,FALSE,FALSE,NA,NA
"203","RT @whitesom_: @mydaddyshome 아뺘님 오사원 태어나게해주셔서 감사합니다 미역국이라도 끓여야(뭐래 오사원이들하고 행복하게 잘살게요 애기들 이제 야근 안 시키고 엄마가 열심히 돈벌겟읍니다 따흑ㅠㅠ https://t.co/VqDPLf…",FALSE,0,NA,2017-05-26 01:21:41,FALSE,NA,"867913596021243904",NA,"<a href=""http://twitter.com/download/android"" rel=""nofollow"">Twitter for Android</a>","skaterpalmpada",2,TRUE,FALSE,NA,NA
"204","RT @BTS_twt: 미역국 감사합니다.. #원샷했어요 https://t.co/e3DEMKE3k9",FALSE,0,NA,2017-05-26 01:00:08,FALSE,NA,"867908175965544448",NA,"<a href=""http://twitter.com/download/iphone"" rel=""nofollow"">Twitter for iPhone</a>","kannikaywn",52996,TRUE,FALSE,NA,NA
"205","RT @BTS_twt: 미역국 감사합니다.. #원샷했어요 https://t.co/e3DEMKE3k9",FALSE,0,NA,2017-05-26 00:59:01,FALSE,NA,"867907895580667904",NA,"<a href=""http://twitter.com/download/android"" rel=""nofollow"">Twitter for Android</a>","Wilawan21755046",52996,TRUE,FALSE,NA,NA
"206","오랜만에 생일날 미역국 먹었다 https://t.co/MAjKTLIJNE",FALSE,2,NA,2017-05-26 00:47:57,FALSE,NA,"867905109358923776",NA,"<a href=""http://twitter.com/download/android"" rel=""nofollow"">Twitter for Android</a>","__011223",0,FALSE,FALSE,NA,NA
"207","미세먼지엔 삼겹살보다는 미역국이 좋다네요. 삼겹살은 오히려 안좋을수도 있다네요 https://t.co/Ao2D2P7At6",FALSE,0,NA,2017-05-26 00:29:35,FALSE,NA,"867900488381059073",NA,"<a href=""http://twitter.com"" rel=""nofollow"">Twitter Web Client</a>","junnamsobong",0,FALSE,FALSE,NA,NA
"208","하이고 느그부모는 너낳고 미역국 드셨다니. 느그 부모만큼 하겠냐. 망신 그만 시키고 닥쳐. https://t.co/gE0EoEM4C5",FALSE,0,NA,2017-05-26 00:15:51,FALSE,NA,"867897031167270913",NA,"<a href=""http://twitter.com/download/android"" rel=""nofollow"">Twitter for Android</a>","invictus0510",0,FALSE,FALSE,NA,NA
"209","지난 토요일은 내 생일이었다. 선물은 필요없다 미리 말해 두었고, 아침에 미역국 끓이려 하길래 하지마라하고 나가서 좋아하는 돼지국밥먹고, 시장보고, 산책하고, 쇼핑하고, 저녁엔 라멘집갔다.",FALSE,0,NA,2017-05-26 00:10:34,FALSE,NA,"867895701321039872",NA,"<a href=""http://twitter.com/download/iphone"" rel=""nofollow"">Twitter for iPhone</a>","dy7805",0,FALSE,FALSE,NA,NA
"210","미역국먹고싶다<ed><U+00A0><U+00BD><ed><U+00B8><U+00AD>",FALSE,0,NA,2017-05-26 00:06:41,FALSE,NA,"867894722471149568",NA,"<a href=""http://twitter.com/download/android"" rel=""nofollow"">Twitter for Android</a>","go05072113",0,FALSE,FALSE,NA,NA
